capsule,K,nodes,U_L1_sup_lower,U_L1_sup_upper,W_L1_sup_lower,W_L1_sup_upper,c_sup,first_order_Wronskian_sup,R_uniform_upper,P_uniform_upper,work_upper,integral_pressure_upper
positive_B/coarse,64/1,2048,46940170733452636163638583901929/299315535325368917651537310360910981809576083456,46940177897101251803948178784471/299315535325368917651537310360910981809576083456,170482996597152347792016829869225/299315535325368917651537310360910981809576083456,42620753845164927268640433355297/74828883831342229412884327590227745452394020864,83363434585853529/135752279275556359854610559927982826,83363434585853529/678761396377781799265291200548153851904,10638527349534502029913356081078061556103958969966401448722840200908362348134047/15937498370098490035604374666103426529675256147748800499874049968308807425723272054318166966272,21906730306800620703479349235294968877015177580975350363560406964611823126890034823135071/649898600202615333405651385495491477985918498514849575726064015205475735481369111241117131743218892800,2998383694862896363515859811815750103699917619004139107147487337387003/2536637307245869811805064788648541837295096980466078173301829105597827310249679257600,205967488484749076653602796860026802783186441907026906230869381850548604837606671/132812486417487416963369788884195221080627134564573337498950416402573395214360600452651391385600
positive_B/coarse,128/1,4096,46940170733452636163638583901929/299315535325368917651537310360910981809576083456,46940177897101251803948178784471/299315535325368917651537310360910981809576083456,170482996597152347792016829869225/299315535325368917651537310360910981809576083456,42620753845164927268640433355297/74828883831342229412884327590227745452394020864,83363434585853529/135752279275556359854610559927982826,83363434585853529/678761396377781799265291200548153851904,4639097444856849454169292035890427853957615499918891168861302605311441945309529189/2789062214767235756230765566568099642693169825856040087477958744454041299501572609505679219097600,123437112702977209531851216115437365278414395789595955615858315085396907030601855178734143/433265733468410222270434256996994318657278999009899717150709343470317156987579407494078087828812595200,14847678135668885583497832376911668178237805225462189318807239587103449/5073274614491739623610129577297083674590193960932156346603658211195654620499358515200,510688880806285231642696220554519792663919751196951660583842684425519064138109531/132812486417487416963369788884195221080627134564573337498950416402573395214360600452651391385600
positive_B/coarse,256/1,8192,46940170733452636163638583901929/299315535325368917651537310360910981809576083456,46940177897101251803948178784471/299315535325368917651537310360910981809576083456,5726432118605678060993166993606355/299315535325368917651537310360910981809576083456,2863216068694592711137855948579159/149657767662684458825768655180455490904788041728,83363434585853529/135752279275556359854610559927982826,83363434585853529/678761396377781799265291200548153851904,12291115573740922534347553818821146514706353812558633735766823308081650205061412093/20659720109386931527635300493097034390319776487822519166503398107066972588900537848190216437760,2294063512305627283642631087449517344419121738555076330024813539203767381190223215267115100759/7018904882188245600781034963351307962247919783960375417841491364219137943198786401404065022826764042240,536436807354902871565395925097240649099743830133205793848908911781510981/507327461449173962361012957729708367459019396093215634660365821119565462049935851520,184315656571734352586406024213678966483447034660466570983030854223408565645741966293/132812486417487416963369788884195221080627134564573337498950416402573395214360600452651391385600
positive_B/fine,64/1,4096,47014320479904997150291199872755/299315535325368917651537310360910981809576083456,47014327643553612790600794755297/299315535325368917651537310360910981809576083456,172853261575225001695440353456115/299315535325368917651537310360910981809576083456,86426640179366181488992628504039/149657767662684458825768655180455490904788041728,255713290193465796/185726686779539485114887610014783539,63928322548366449/232158358474424356390954794507267211264,44830063163730213299753473995382207917079969368896384661368801051257442249758733/67460310561263449886156083242765826580636004858195980951847830553688073759675225626743563878400,581217283588286969804854719418790444103344108970262036561245475219326387585806264811460091/17547262205470614001952587408378269905619799459900938544603728410547844857996966003510162557066910105600,3809276417016690659737822811640827710999412071340003162507091406319/3235506769446262515057480597765997241447827781206732363905394267344167487563366400,2188097141122406353764916039406967628511589265706666875136767380099695123535390811/1416666521786532447609277748098082358193356102022115599988804441627449548953179738161614841446400
positive_B/fine,128/1,8192,47014320479904997150291199872755/299315535325368917651537310360910981809576083456,47014327643553612790600794755297/299315535325368917651537310360910981809576083456,172853261575225001695440353456115/299315535325368917651537310360910981809576083456,86426640179366181488992628504039/149657767662684458825768655180455490904788041728,255713290193465796/185726686779539485114887610014783539,63928322548366449/232158358474424356390954794507267211264,2718425573092797155182788151026241395873750305664828164757388451173189378803702269/3305555217501909044421648078895525502451164238051603066640543697130715614224086055710434630041600,131175342139765799365883992481085742124435537022096973329709468564783904120171045266176067/2005401394910927314508867132386087989213691366845821547954711818348325126628224686115447149379075440640,5831032163587730507679058130618996414951043195369467431998225966336529/4058619691593391698888103661837666939672155168745725077282926568956523696399486812160,8027814554684998630640422974855428011968183892099989944983030338252041600341763729/4249999565359597342827833244294247074580068306066346799966413324882348646859539214484844524339200
positive_B/fine,256/1,16384,47014320479904997150291199872755/299315535325368917651537310360910981809576083456,47014327643553612790600794755297/299315535325368917651537310360910981809576083456,172853261575225001695440353456115/299315535325368917651537310360910981809576083456,86426640179366181488992628504039/149657767662684458825768655180455490904788041728,255713290193465796/185726686779539485114887610014783539,63928322548366449/232158358474424356390954794507267211264,788428545565648154421986552029664908024713569919950014737460650428921941931162489/661111043500381808884329615779105100490232847610320613328108739426143122844817211142086926008320,5431582213461053521364822993741963417734844942925184438921810843254747230498955320973783139/23396349607294152002603449877837693207493065946534584726138304547397126477329288004680216742755880140800,1565142595144444053297489612877751021211097076359056836946725589440621/751596239183961425720019196636604988828176883101060199496838253510467351185090150400,775959636368531560425699130466784837429038822069289036545826102246068532781566079/283333304357306489521855549619616471638671220404423119997760888325489909790635947632322968289280
signed_uB/coarse,64/1,2048,24783534440916342457571316335509/299315535325368917651537310360910981809576083456,24783541604564958097880911218051/299315535325368917651537310360910981809576083456,78590137621215540132905582162887/149657767662684458825768655180455490904788041728,157180294025938441548356067877737/299315535325368917651537310360910981809576083456,3555944066831391/8722141794268907445934226149390370,3555944066831391/43610708971344537229172444697701908480,16402250491369217892205242286471836135961200220808753127149950640225948766441843/25824650136733664409544125616371292987899720609778148958129247633833715736125672310237770547200,1189527073558539671862739957646625930769682768167416481062923089959005815655006257072917893/35094524410941228003905174816756539811239598919801877089207456821095689715993932007020325114133820211200,105468001587117315086196463218355007732126458141566730360276079384771/93949529897995178215002399579575623603522110387632524937104781688808418898136268800,48919911254731425257684226153525836214298972365681652581247827635890836207063199/33203121604371854240842447221048805270156783641143334374737604100643348803590150113162847846400
signed_uB/coarse,128/1,4096,24783534440916342457571316335509/299315535325368917651537310360910981809576083456,24783541604564958097880911218051/299315535325368917651537310360910981809576083456,78590137621215540132905582162887/149657767662684458825768655180455490904788041728,157180294025938441548356067877737/299315535325368917651537310360910981809576083456,3555944066831391/8722141794268907445934226149390370,3555944066831391/43610708971344537229172444697701908480,94494371302528009492165853890793765942705172353668905764975700808755058857294781/58105462807650744921474282636835409222774371372000835155790807176125860406282762698034983731200,123567251605440150358016688393233376650322016777281621116929574048974665865670153072421407/433265733468410222270434256996994318657278999009899717150709343470317156987579407494078087828812595200,1217156652835757445637689480530042881030694499866671943522948763632681/422772884540978301967510798108090306215849496744346362216971517599637885041613209600,3485773838964761567311105606216682009606737549951479940537310184145765622961921/922308933454773728912290200584689035282132878920648177076044558351204133433059725365634662400
signed_uB/coarse,256/1,8192,24783534440916342457571316335509/299315535325368917651537310360910981809576083456,24783541604564958097880911218051/299315535325368917651537310360910981809576083456,2856116358923189261766365961117805/149657767662684458825768655180455490904788041728,5712232736629885884815276825787573/299315535325368917651537310360910981809576083456,3555944066831391/8722141794268907445934226149390370,3555944066831391/43610708971344537229172444697701908480,467382618825573202352162786483115085633916247260755087512022170456136749410447907/807020316772927012798253925511602905871866269055567154941538988557303616753927259694930329600,2232991405253873247700807998105364921037390235561320707420101264067181202682886227941909752251/7018904882188245600781034963351307962247919783960375417841491364219137943198786401404065022826764042240,1305608406981757082986955611628378806656103148211545207270986241103545113/1268318653622934905902532394324270918647548490233039086650914552798913655124839628800,40052892026301503166581662428501976407426419787678393261337395101918287980431141/29645644289617727000752185018793576134068556822449405691730003661288704288919776886752542720
signed_uB/fine,64/1,4096,3107739334269411809345675628455/37414441915671114706442163795113872726197010432,12430960918901955057537499955091/149657767662684458825768655180455490904788041728,78786831201031174301172795809499/149657767662684458825768655180455490904788041728,157573681185569709884890495170961/299315535325368917651537310360910981809576083456,181760534658130007/203808752659744052548063703429946090,181760534658130007/1019043763298720262728665807979922063360,56326359703224298624713812812642360869355634103377878857735431152514765626409824709/89249990872551544199384498130179188566181434427393282799294679822529321584050323504181735011123200,3440752848354250521582806784606321916036615586801085456049975170083085651977134052890189/103983776032418453344904221679278636477746959762375932116170242432876117677019057798578741078915022848,235567704522793047569025842257013277292478814579110968133758265185247/211386442270489150983755399054045153107924748372173181108485758799818942520806604800,2072266220519043688590631719601631806118481085411535539791621210731018878367259049/1416666521786532447609277748098082358193356102022115599988804441627449548953179738161614841446400
signed_uB/fine,128/1,8192,3107739334269411809345675628455/37414441915671114706442163795113872726197010432,12430960918901955057537499955091/149657767662684458825768655180455490904788041728,78786831201031174301172795809499/149657767662684458825768655180455490904788041728,157573681185569709884890495170961/299315535325368917651537310360910981809576083456,181760534658130007/203808752659744052548063703429946090,181760534658130007/1019043763298720262728665807979922063360,73881755699169298874762737484454899203762848925955377078509664328826953029546876037/89249990872551544199384498130179188566181434427393282799294679822529321584050323504181735011123200,198873911586547361401826948449777975769525906736988358953682682776610589102959032854919959/2599594400810461333622605541981965911943673994059398302904256060821902941925476444964468526972875571200,926839779001731779948342110427629226439850301399164973210400272828741/634159326811467452951266197162135459323774245116519543325457276399456827562419814400,8154928228002320489731832182586030551925430119881333823821738685468316754281853499/4249999565359597342827833244294247074580068306066346799966413324882348646859539214484844524339200
signed_uB/fine,256/1,16384,3107739334269411809345675628455/37414441915671114706442163795113872726197010432,12430960918901955057537499955091/149657767662684458825768655180455490904788041728,78786831201031174301172795809499/149657767662684458825768655180455490904788041728,157573681185569709884890495170961/299315535325368917651537310360910981809576083456,181760534658130007/203808752659744052548063703429946090,181760534658130007/1019043763298720262728665807979922063360,891971019906167153392449883152586714061937290856480193851528651271956799998537517/661111043500381808884329615779105100490232847610320613328108739426143122844817211142086926008320,21465874570226274525262044698471125959281114557444940969538070728859436117374865826878747053/70189048821882456007810349633513079622479197839603754178414913642191379431987864014040650228267640422400,2384169632351549922967054233801122697672614749448698486311854548252451/1014654922898347924722025915459416734918038792186431269320731642239130924099871703040,1877143839965329390667613330962004022081592168236622621930189285048504909000392723/607142795051371048975404749184892439225724043723763828566630474983192663837077030640692074905600
