identifier	relation	resource_type	scheme
10.5281/zenodo.17069900	isSupplementTo	dataset	doi
10.5281/zenodo.16937520	isSupplementTo	dataset	doi
10.5281/zenodo.16907982	isSupplementTo	dataset	doi
10.5281/zenodo.17088133	isSupplementTo	dataset	doi
10.5281/zenodo.17547897	isSupplementTo	dataset	doi
https://arxiv.org/abs/2401.08437v1	references	publication-preprint	url
10.5281/zenodo.22347452	references	software	doi
10.5281/zenodo.22922927	references	publication	doi
https://github.com/maldonado-research/HDblast/commit/a8394d0127e58200cd4b9a87c14ae63a9dd69f02	references	software	url
https://github.com/maldonado-research/HDblast/pull/20	references	software	url
https://github.com/maldonado-research/HDblast/commit/06984aa6b142499c592850e6b4afd49c28ced394	references	software	url
https://github.com/maldonado-research/HDblast/pull/18	references	software	url
https://github.com/maldonado-research/HDblast/commit/79342726f097affa0c38d7726105d109f9b52a5c	references	software	url
https://github.com/maldonado-research/HDblast/commit/78f2ec797b5c3e4d1073f297b60ff946ad8bde71	references	software	url
https://github.com/maldonado-research/HDblast/commit/ead803c9ba575877fbda000cf2452f3ea35e272b	references	software	url
https://github.com/maldonado-research/HDblast/commit/5a851f22c84f14b454d398cebc6a4cbfa21d19da	references	software	url
https://github.com/maldonado-research/HDblast/blob/5a851f22c84f14b454d398cebc6a4cbfa21d19da/research/HDBLAST_CHECKPOINT_20261003_VERIFIED_SOURCE_OPERATOR/RESULTS.md	references	software	url
https://github.com/maldonado-research/HDblast/blob/5a851f22c84f14b454d398cebc6a4cbfa21d19da/research/HDBLAST_VERIFIED_SOURCE_OPERATOR_PACKAGE_20261003/FRESH_REPRODUCTION.json	references	software	url
