source,setting,K,route,strict_magnitude_margin,continuum_fraction_margin,sampling_fraction_margin
positive_B,coarse,64,primary,409661276365082182759/9223372036854775808000000,4641556458172610059578811457070643387398905647752231452769220625189319897247042688940772021153897805744910077737895339275681/1000000000000000000000000000000000000000000000000000000000000000000000000000000000000000000000000000000000000000000000000000000000,232077822909576230643268106115235800393630537864687736138394437490534005137647865552961398942305109712754496113/50000000000000000000000000000000000000000000000000000000000000000000000000000000000000000000000000000000000000000000
positive_B,coarse,64,independent,69399319659094802128470106088869995275558721914421767/1562500000000000000000000000000000000000000000000000000000,928311291221935035442241579290228864377935385532564385505381887/200000000000000000000000000000000000000000000000000000000000000000000,580194557013709397151400987056393040236209615957852741/125000000000000000000000000000000000000000000000000000000000
positive_B,coarse,128,primary,3321583980178680133947/73786976294838206464000000,4701585709246021941734499906340617431903690105539568522524463975523362711010601186461324174968795143979975048595172872122863/1000000000000000000000000000000000000000000000000000000000000000000000000000000000000000000000000000000000000000000000000000000000,23507928546304561536620759895297444598748792748652357563616693794258186444946994067693379125156024280100124757/5000000000000000000000000000000000000000000000000000000000000000000000000000000000000000000000000000000000000000000
positive_B,coarse,128,independent,2250792854626733562264662971350026587913362163817510009/50000000000000000000000000000000000000000000000000000000000,470158569712111289363128783775973264491023754240700503770102729/100000000000000000000000000000000000000000000000000000000000000000000,2350792860692910677713682023820186853371605556431517499/500000000000000000000000000000000000000000000000000000000000
positive_B,coarse,256,primary,13827563347567693643/18446744073709551616000000,137479685022050065205644203788480933728193401647058289758212727020418606664417132865919028888280688068657743171834801153/500000000000000000000000000000000000000000000000000000000000000000000000000000000000000000000000000000000000000000000000000000,34369921255512516301411050947120233432048350411764572439553181755104651666104283216479757222070172017164435793/125000000000000000000000000000000000000000000000000000000000000000000000000000000000000000000000000000000000000000000
positive_B,coarse,256,independent,187398427770172846019178063137200496157674933783710003/250000000000000000000000000000000000000000000000000000000000,13747964397040567928012590419913871043998742857192248441225051/50000000000000000000000000000000000000000000000000000000000000000000,1374796439704056792801259041991387104399874285719224841/5000000000000000000000000000000000000000000000000000000000000
positive_B,fine,64,primary,2932805167910396067/4611686018427387904000000,263595074685978702044578779410517842374973902241729412260105334992539600536275772436368361830731430329629170981499918417221/1000000000000000000000000000000000000000000000000000000000000000000000000000000000000000000000000000000000000000000000000000000000,263595074695027939168306298274739486619365429742790546235988415007460399463724227563631638169268569670370829019/1000000000000000000000000000000000000000000000000000000000000000000000000000000000000000000000000000000000000000000000
positive_B,fine,64,independent,39746921681564575379026586776642915310731041245162487/62500000000000000000000000000000000000000000000000000000000,65898768222346259328548868021896360362675187293694945791589207/250000000000000000000000000000000000000000000000000000000000000000000,329493841111731296642744340109481801813375936468474729/1250000000000000000000000000000000000000000000000000000000000
positive_B,fine,128,primary,-12831387621383366053/73786976294838206464000000,18261022707974156054380060872129159260336165049500104889202475203665693722732073353416103274828317373985554960212788867591/100000000000000000000000000000000000000000000000000000000000000000000000000000000000000000000000000000000000000000000000000000000,91305113541244901348120152732599473373527139362807884291170241169171531386339633232919483625858413130072225199/500000000000000000000000000000000000000000000000000000000000000000000000000000000000000000000000000000000000000000000
positive_B,fine,128,independent,-173897729188843183799795429067547303247920353896915913/1000000000000000000000000000000000000000000000000000000000000,11413138692020061300969917834247257356107722010843060915357181/62500000000000000000000000000000000000000000000000000000000000000000,1826102350899103824245222288385344216526923770471278427/10000000000000000000000000000000000000000000000000000000000000
positive_B,fine,256,primary,-34534985133899775107/18446744073709551616000000,12785470447864359159655456168186199471022554221373294572797289617383578165751378222964831835070517983450595447648719501981/1000000000000000000000000000000000000000000000000000000000000000000000000000000000000000000000000000000000000000000000000000000000,31963676157120716795592877147017582488290284493015471148573182206541054585621554442587920412323705041373511381/2500000000000000000000000000000000000000000000000000000000000000000000000000000000000000000000000000000000000000000000
positive_B,fine,256,independent,-2340181619308045963263171206081292297085383324883878231/1250000000000000000000000000000000000000000000000000000000000,639271059095332234263406198134122712398538529200093610844217/50000000000000000000000000000000000000000000000000000000000000000000,639275986440300059631224153215538910918394871728880541/50000000000000000000000000000000000000000000000000000000000000
signed_uB,coarse,64,primary,202265810985164989817/4611686018427387904000000,2292970316891885079018123981627452114785532447341843460873279139367699159277224778017542391472143671123727816917009612872311/500000000000000000000000000000000000000000000000000000000000000000000000000000000000000000000000000000000000000000000000000000000,458594063378377015803624796325490422957106489468368692174655827873539831855444955603508478294428734224745563383/100000000000000000000000000000000000000000000000000000000000000000000000000000000000000000000000000000000000000000000
signed_uB,coarse,64,independent,2192970316896582898193602401137880519854661542922258377/50000000000000000000000000000000000000000000000000000000000,45859406336321314359731152204565770117227731472249688060512449251/10000000000000000000000000000000000000000000000000000000000000000000000,1146485158408032858993278805114144252930693286806242201/250000000000000000000000000000000000000000000000000000000000
signed_uB,coarse,128,primary,203319801364157396067/4611686018427387904000000,115219885173677543247408314877597917663854586467065730836088373519831770135818863027854991679506045622156865655207479143481/25000000000000000000000000000000000000000000000000000000000000000000000000000000000000000000000000000000000000000000000000000000,460879540698652534408441236413231646484154118061390244380255880920672919456724547888580033281975817511372537379/100000000000000000000000000000000000000000000000000000000000000000000000000000000000000000000000000000000000000000000
signed_uB,coarse,128,independent,4408795406966813536990372479618116585697862319648265839/100000000000000000000000000000000000000000000000000000000000,46087954059684589599571457184692033034252526814698965130189304033/10000000000000000000000000000000000000000000000000000000000000000000000,4608795407965168114023599240767029867970471957826635159/1000000000000000000000000000000000000000000000000000000000000
signed_uB,coarse,256,primary,4898257093904901509/9223372036854775808000000,126553502089417646311874281019588227165694018881757409079479910935350291098476490638287321711146584468163183603615023689/500000000000000000000000000000000000000000000000000000000000000000000000000000000000000000000000000000000000000000000000000000,253107015473249261686314784754492415973439540602287946733618303129299417803047018723425356577706831063673632793/1000000000000000000000000000000000000000000000000000000000000000000000000000000000000000000000000000000000000000000000
signed_uB,coarse,256,independent,8297970285319105805473698968255380492564654559828341/15625000000000000000000000000000000000000000000000000000000,506214018095608408328427838096669231755256753138446646086468509/2000000000000000000000000000000000000000000000000000000000000000000000,1265535045239021020821069595241673079388141882846116617/5000000000000000000000000000000000000000000000000000000000000
signed_uB,fine,64,primary,5579885453432995259/9223372036854775808000000,26049723929681006707719164313528104673871641958074347195892672682160188969854021251068218452709215929932390165560552371601/100000000000000000000000000000000000000000000000000000000000000000000000000000000000000000000000000000000000000000000000000000000,32562154912101258384648955391910130842339552447592933994865840852700236212317526563835273065886519912415487707/125000000000000000000000000000000000000000000000000000000000000000000000000000000000000000000000000000000000000000000
signed_uB,fine,64,independent,302486196541615872258445402165349946699279826134443283/500000000000000000000000000000000000000000000000000000000000,325621548949959756880737299576663067448462541257445274597025433/1250000000000000000000000000000000000000000000000000000000000000000000,651243097899919513761474599153326134896925082514890549/2500000000000000000000000000000000000000000000000000000000000
signed_uB,fine,128,primary,-1936665950011160991/9223372036854775808000000,17900262567841575590939143173825552343706443137632450884635166653702759300467058891956978269902603974106257127967241812881/100000000000000000000000000000000000000000000000000000000000000000000000000000000000000000000000000000000000000000000000000000000,2237532821424602031981220341197965015625076930137147328995799480787155087441617638505377716262174503236717859/12500000000000000000000000000000000000000000000000000000000000000000000000000000000000000000000000000000000000000000
signed_uB,fine,128,independent,-52493435759520101915138676207384094141161767765879631/250000000000000000000000000000000000000000000000000000000000,1790026251057019438785328221411292648548864359609287608401969079/10000000000000000000000000000000000000000000000000000000000000000000000,895013131433409872946781184464817299160920749131837673/5000000000000000000000000000000000000000000000000000000000000
signed_uB,fine,256,primary,-135861175791371497/72057594037927936000000,57273715398880531072437071314387469456230573989138416219695482296105766323187599581369666564356453614186035740221102133/5000000000000000000000000000000000000000000000000000000000000000000000000000000000000000000000000000000000000000000000000000000,2863685782414373982398401779018587949840477449835071376515225885194711683840620020931516671782177319290698213/250000000000000000000000000000000000000000000000000000000000000000000000000000000000000000000000000000000000000000000
signed_uB,fine,256,independent,-9427262844764159946397974465526203857734799385070800781/5000000000000000000000000000000000000000000000000000000000000,11454739628060545001633640401679744845632624856987193014515099/1000000000000000000000000000000000000000000000000000000000000000000000,8949020766697700892537016388493828785137031047016231/781250000000000000000000000000000000000000000000000000000000
