source,setting,K,D_S,D_cont,E_Q,E_flow,R_profile_max_error,P_profile_max_error,F_profile_max_error,gate_scale_attribution
positive_B,coarse,64,0.00004630621732731647059342575817320053488401754293590784072875976562500000000000000000000000000000000000000000000000,-0.0000000000000000001988139391756857656568202633982535885014709858698606465212651299734789362235702945778385650428860379986906490920,0.00004630621732731666940736493385896619170428094118949634219974563548564652126512997347893622357029457783856504288604,-0.0000000000000000008266703287084557958223552740876900086996331773069470738652811959417911977667598222767961606737323712103078452716,0.000000000000000005120040424484222179948489920403252969576559248574746371398275363279316995278051272102943810898830847916242490959,0.00000000000000002853868789068378872452014835260285214919625621703986510369681394014711856374421447291226828143693931111698269256,0.00000000000000005394132882972660632493685744126199877125276390195111291023682872393233704830585814072422501191292862281495738363,True
positive_B,coarse,128,0.0001028634064724603370790989619390498610584927519084885716438293457031250000000000000000000000000000000000000000000,0.000000000000000002253981155831395459283784671554985860027768895255363630211541834059423398989950261909626616810553091756021905873,0.0001028634064724580830979431305435905772738211969226285438749340903394947884581659405766010100497380903733831894469,-0.000000000000000001380167904707269254277341018254937160648834316439940395989759277043436706323034678499342973833329579785418214985,0.00000000000000001272936539517356881232725193668157331283348442667223977544530710086503758095798590754381888581941610245483725351,0.00000000000000003526385978837698241757365136919873267957470643096250973661034613082061826460203856586628792009622503653349149198,0.00000000000000006797440100491802500766699336537601637657469297976629853196383527700340337454656073411425719581719560814503405026,True
positive_B,coarse,256,0.000004451941649227165223026356222213451019342755898833274841308593750000000000000000000000000000000000000000000000000,-0.000000000000000008447593660183908057675907459639181946546888042151007602448790102930383308702309608242245709015391052997682597449,0.000004451941649235612816686540130271126926802395080779821729350744757602448790102930383308702309608242245709015391053,-0.000000000000000001486108516762675340008280572218330965646945790490201114346508193108129294405953224578772322315292150830191419302,0.00000000000000005593489279729000118382340957741320471017951303149646741272186613794188279112479937112388133918108514095310949734,0.00000000000000005002078695033837459667319482892380944146618879059882566535020866313902090729904966811692176122569809615180317231,0.00000000000000007363692907206674667746404905507807967481554025839738582540750440412447346987117777458993753074586854631533755350,True
positive_B,fine,64,0.000002629430543259631816374599644348108995473012328147888183593750000000000000000000000000000000000000000000000000000,-0.000000000000000003592093458815095396698384952508820140818750284118208841135736843276376668720687005649066868727543127926870588307,0.000002629430543263223909833414739744807380425521148288706933877868208841135736843276376668720687005649066868727543128,-0.000000000000000003147876629784988909697189872158135225182651685415981528068592118815203988939686949984020696533294701639389118450,0.000000000000000003915291883651638462086436266716426619329001599566638979896036229481741248871870511675568369593827970161984150014,0.00000000000000002339815022073693784472482871540594087354170054299842181673014664698583493391958713952895223950565597886355875480,0.00000000000000004214737709840394355655547751376802383491748599439474164357785376758458023328305806778642165790203898433985227005,True
positive_B,fine,128,0.000003998723973483055234756557844155722136747499462217092514038085937500000000000000000000000000000000000000000000000,-0.000000000000000001910986701680331535117609034636132619272152055877386362452462514630505801372422689334419867063451096273766075136,0.000003998723973484966221458238175690839745782135594836364666093963323862452462514630505801372422689334419867063451096,-0.000000000000000003830791989204717004400249560928238671010945498996731913471123731138882665899764340694809925793892001667468539301,0.00000000000000001040414770148211164674963436193569491579359390795923218197247114298088369678135794194796217660621676383644678854,0.00000000000000002939896623924298395426354092113330667204058218792975273468313260422188624315705780640951370988611107668358025212,0.00000000000000005295352231704841314413046317412386606252996292174148184900686262131240222486910357220378213630795814024462877038,True
positive_B,fine,256,-0.0000002208804634773337594043135425486701350905605067964643239974975585937500000000000000000000000000000000000000000000,-0.00000000000000001617966003246414408599545358924373194735428213857341720906454097866218538116293908081949515752605218729959101383,-0.0000002208804634611540993718493984626746815013167748491100418589241413846854590213378146188370609191805048424739478127,-0.000000000000000003860785184339335589123768018920423584549588573963187908590115870320673297150500959976501808766956456243378159335,0.00000000000000003719828742622251740811461279815008158763338664305937737154790420562114581821976011866753898017751563630699238954,0.00000000000000004784835846438474677943016515376206615769036405242740227390381062695971533616772163804429931139203792860802605405,0.00000000000000008456833719562820264614414389764192688744274568367412855985029035844486077823301832689235246742142436951627081733,False
signed_uB,coarse,64,0.00007932652006947035236525834350773678238510910887271165847778320312500000000000000000000000000000000000000000000000,-0.0000000000000000005083035987089721046593130546014277100517430211434515034970126989634728352426187293079879986820244889250935554461,0.00007932652006947086066885705247984144169816371030042171022080434657650349701269896347283524261872930798799868202449,-0.0000000000000000005862149775251579954412309021365349440516691481066581046206782936251947732884537073127028176230809327914608391814,0.000000000000000004420609793646415571464152780554419587867416505434491476398441616041484603166975365441556487553511673843975625702,0.00000000000000001865407406898183237113437280079271209627776770762955781222250539756736098708851037131718152606031190036154995261,0.00000000000000003704921975059668349770774446310421209591640780938397825259284710335197927680433568484940925834743175775412060569,True
signed_uB,coarse,128,0.00005101877159001415584714772370744650942242515156976878643035888671875000000000000000000000000000000000000000000000,-0.000000000000000001416639515034943665060778844266809923145296238160052317346347989085499759449493005381972467584625673578777904837,0.00005101877159001557248666275865111157020126941837969193172659704677106734634798908549975944949300538197246758462567,-0.000000000000000001338735084290583413022053733687282912439580287259378436919088695998215526604192316489075020506506962935005885559,0.000000000000000004555780833772363586674361976886152535265071608505829771870432184952834911014646068317630790834920275528551601652,0.00000000000000002057250723248087276526213949891037680691756579975927948258104144032993453860206053353162822406984500681418934079,0.00000000000000004135437057171203536055104068175942239298495601585150736639907344537308634225541764332307894251315388405300832605,True
signed_uB,coarse,256,-0.00000002737232689987113370414710620398546225828795286361128091812133789062500000000000000000000000000000000000000000000,-0.000000000000000003817586214159564601553983492036785484463032414192687794431889134178107622386010133674747753412094619867378921388,-0.00000002737232689605354748998754160243147876625116737914824850392865009619311086582189237761398986632525224658790538013,-0.000000000000000001381691986244809045873240281599863768926873558603652208981737399919701254543356533780390391452459970409778836216,0.000000000000000007205016562783412468327182912019381880081830968322446068056404367001130831756929915810232325737749058349385654294,0.00000000000000001880429657685731541705165342518818742292026781031163455665385208326739805868178816402637325798500114913809332880,0.00000000000000003963799004294065189715826134365694800280362529148114522078376836707527450604416716396975613300914668862230535884,False
signed_uB,fine,64,0.000004506055781769525560667179198137688445058302022516727447509765625000000000000000000000000000000000000000000000000,-0.000000000000000003911881070056313008844146492391337588486794755059903733461888997090448476381024318328486441728839769356351639366,0.000004506055781773437441737235511146532591550693360105214242264825528733461888997090448476381024318328486441728839769,-0.000000000000000004512457496960138006040753421360123340897211227193230280453510765550564481520611264380993477695816145582522914348,0.000000000000000005030551935531782237019948011805855415353914143111100580461836967097672126993717286544384970985977554459724513440,0.00000000000000002248756570167745868430290859284566720213802223114159484846783123077375241634185220833188176329816514917984091441,0.00000000000000004612245503001580068546531528823026277083881031610946704186314383579578867742385763253077796209597086056650000007,True
signed_uB,fine,128,0.000001976593090685319513340753930230597745776321971789002418518066406250000000000000000000000000000000000000000000000,-0.000000000000000004298418801494767569237785022771536887882309510337647794613668854462703176410927766707401912054826511774184526535,0.000001976593090689617932142248697799835530799093508676884728028404054044613668854462703176410927766707401912054826512,-0.000000000000000004488555700923590655860753091273099415406157279005198117355065582043330735697721660895968803315801183593451230342,0.000000000000000005323526155185438108301845708715863082280993979832400138155409417089657589190732927149837548259656897683092739043,0.00000000000000002453533873808442388340357210815195438842714477786593626745514703540595625028979600211715839009079943319877399932,0.00000000000000005024754065458876108948299043164007110962132723103073957398759448632040217743777210184440119772331343602326908193,False
signed_uB,fine,256,-0.000000005737442708773316655405710619980430564623929967638105154037475585937500000000000000000000000000000000000000000000,-0.000000000000000004390510200452218692170778072193273407378324321520785849941371573314956956453904611411335412205148054491544247117,-0.000000005737442704382806454953491927809652492430656560259780832516689735996128426685043043546095388588664587794851945508,-0.000000000000000004489640911643498592604530669310571290820033165923319359974727844810889173470279733274959941927311759375566803424,0.000000000000000006395911056001417264861338091101108351447118634978541760031414614831298402101178077428670824587078438860263762899,0.00000000000000002565064041296740849105216933827060871397883817593682421971849142399159879092006424901560685579071815438704177752,0.00000000000000005197596075808269763765530980866314112021372876788330993262931730222514615232169781356196620691688465000410927382,False
